Id,IdEmail,ClientId,Subject,Body,Date
1,1,1,Touching Base Before Our Annual Financial Planning Meeting,"Hi Jane,

 I hope you're doing well! As we approach our annual financial planning meeting, I wanted to touch base and confirm our agenda.
 In our last meeting, we discussed several important topics, including health insurance, life insurance, and estate planning. I would like to revisit some of these areas and see if there are any updates or new recommendations you might have.
 Please let me know if there's anything specific you would like me to prepare or bring to our meeting. Looking forward to our discussion!

 Best,
 Thomas Anderson",2023-01-21
2,2,1,Meeting Summary,"Hi Thomas,

 I hope you're doing well! I wanted to take a moment to summarize our recent meeting and the key topics we discussed:
 - 529 Plan for College Savings: We explored the benefits of setting up a 529 Plan to help save for your child's future education expenses. We discussed different investment options available within the plan and how starting early can maximize growth potential.
 - Health Savings Account (HSA): We reviewed the advantages of an HSA for managing medical expenses. This account not only provides tax benefits but also allows you to save for future healthcare costs, which is especially important as your family grows.
 - Life Insurance: Given that you and your wife are expecting your first child, we emphasized the importance of life insurance to protect your growing family. We discussed various policy options and how they can provide financial security for your loved ones.
 I have attached informational reports regarding 529 Plans and HSAs for you to reference and look out for a meeting invitation with the insurance specialist and for our follow-up. In the meantime, please let me know if you have any questions or if there's anything else you'd like to discuss further. I'm here to help!

 Best,
 Jane Smith",2024-01-17
3,3,1,Savings Strategies for Conservative Risk Tolerance,"Dear Thomas,

I hope this email finds you well.

Per our prior meeting, we discussed the 529 Plan and Health Savings Account (HAS), but I wanted to share some additional tailored savings strategies that align with your relatively conservative risk tolerance. Our goal is to ensure your wealth grows steadily while minimizing exposure to market volatility.

High-Yield Savings Accounts: These accounts offer higher interest rates compared to traditional savings accounts, providing a safe and liquid option for your funds.

Certificates of Deposit (CDs): CDs are a secure way to earn a fixed interest rate over a specified term. They are ideal for funds that you can set aside for a longer period without needing immediate access.

Treasury Securities: U.S. Treasury bonds, notes, and bills are backed by the government and offer a reliable return with minimal risk.

Municipal Bonds: These bonds are issued by local governments and often provide tax advantages, making them a suitable option for conservative investors.

Dividend-Paying Stocks: While stocks generally carry more risk, focusing on established companies with a history of paying dividends can provide a steady income stream with relatively lower risk.

Fixed Annuities: These insurance products offer guaranteed returns and can be a good option for long-term savings, providing both security and predictable income.

I would be happy to discuss these strategies in more detail to best suit your financial goals. If so, please let me know a convenient time for us to connect.

Thank you for your trust and partnership.

Best Regards,

Jane Smith",2024-04-17
7,1,3,529 Plan Contribution Limits,"Jane Smith,

Can we increase Diego's 529 contributions now that the Orlando location is profitable? What's the state tax deduction cap?

Saludos,
Carlos",2025-04-12
8,2,3,Beach Property Mortgage Options,"Jane Smith,

Can we compare the 5/1 ARM vs fixed-rate mortgage for the Miami condo? I want to understand prepayment penalties.

Saludos,
Carlos",2025-05-01
9,1,4,Travel Insurance and Emergency Coverage,"Derek,

Here is a summary of travel insurance and emergency evacuation policies for your Alaska expedition. Let me know if you'd like to discuss further.

Best,
Jane",2025-04-20
6,3,2,DAF and Alternative Investment Implementation Plan,"Dear Jeremy,\n\nBased on our recent discussion, I've prepared a structured approach for implementing both the Donor-Advised Fund (DAF) and alternative investment strategies we discussed.\n\nFor the DAF:\n- Account setup documentation\n- Tax benefit analysis\n- Recommended initial funding amount\n- Charitable giving timeline options\n\nFor Alternative Investments:\n- Private credit fund subscription documents\n- Real estate investment platform access\n- Accreditation verification forms\n- Proposed allocation strategy\n\nI've attached the relevant documents for your review. Would you like to schedule a meeting next week to finalize these implementations?\n\nBest Regards,\nEvan Worthington",2025-02-22
10,2,4,Cabin Mortgage Options,"Derek,

I've attached three mortgage options for the cabin, including rate and payment breakdowns. Let me know your preference.

Best,
Jane",2025-04-23
11,1,5,High-Yield Savings Options,"Hi,

Can you send me options for high-yield savings accounts for my emergency fund?

Thanks,
Alicia",2025-04-12
12,2,5,Practice Partnership Loan Comparison,"Alicia,

Here is a side-by-side comparison of SBA and conventional loans for your practice buy-in. Let me know if you'd like to discuss further or run new scenarios.

Best,
Jane",2025-07-13
13,1,6,Charitable Giving Increase,"Emily,

I've updated your annual giving plan to reflect your increased donations. Please review the attached summary.

Best,
Jane",2025-01-31
14,2,6,Education Fund Projections,"Emily,

Here are the updated projections for Jane's education fund, including private school scenarios. Let me know if you'd like to discuss.

Best,
Jane",2025-04-19
15,1,7,Art Sale Proceeds Allocation,"Linh,

I've outlined three ways to invest your recent art sale proceeds, including the co-op project and a new sustainable fund.

Best,
Jane",2025-03-13
16,2,7,Art Collection Insurance and Crowdfunding Platforms,"Linh,

Attached is a summary of insurance options for your art collection and a comparison of real estate crowdfunding platforms. Let me know if you'd like to discuss further.

Best,
Jane",2025-06-29
17,1,8,Trust Setup for Grandson,"Malik,

Attached is the draft trust document for Jamal. Please review and let me know if you have any questions.

Best,
Jane",2025-06-06
18,2,8,Long-Term Care Policy Details,"Malik,

I've attached your current long-term care policy and recommendations for updates to ensure both you and Lisa are covered.

Best,
Jane",2026-01-21
19,1,9,Hajj Fund Investment Options,"Omar,

Here are three conservative investment options for your Hajj fund. Please let me know your preference.

Best,
Jane",2025-03-23
20,2,9,Education Savings Plan Comparison,"Omar,

Attached is a comparison of 529 plans and Coverdell ESAs for Yusuf and Aisha's private school tuition. Let me know if you want to discuss further.

Best,
Jane",2025-06-19
21,1,10,Startup Equity Diversification,"Hi,

Can you send me options for diversifying my equity after the Series A closes?

Thanks,
Priya",2025-05-21
22,2,10,Adoption Insurance and Emergency Fund,"Priya,

I've attached recommendations for insurance coverage during your adoption process and a suggested emergency fund allocation.

Best,
Jane",2025-08-16
23,1,11,Practice Merger and Endowment Planning,"Rajiv,

Attached are the documents for your practice merger and endowment trust. Please review and let me know if you have questions.

Best,
Jane",2025-05-11
24,2,11,Travel Fund and Currency Exchange Options,"Rajiv,

Here is a comparison of multi-currency accounts and prepaid travel cards for your family reunion trip. Let me know if you'd like to discuss further.

Best,
Jane",2025-07-24
25,1,12,Portfolio Rebalancing for Sabbatical,"Sophie,

I've attached a rebalancing proposal to increase liquidity for your cross-country trip.

Best,
Jane",2025-02-13
26,2,12,Retirement Account Options,"Sophie,

Here is a comparison of SEP IRA and solo 401k options for your freelance career. Let me know if you want to discuss further.

Best,
Jane",2025-08-24
27,1,13,Private Equity Rebalancing,"Alex,

I've attached the latest private equity performance report and rebalancing recommendations.

Best,
Evan",2025-06-22
28,2,13,Donor-Advised Fund Setup,"Alex,

Here are the documents to establish your donor-advised fund. Let me know if you want to schedule a call to review details.

Best,
Evan",2025-10-01
29,1,14,Franchise Expansion Financing,"Carlos,

Here are three financing options for your new locations. Let's discuss which best aligns with your cash flow goals.

Best,
Evan",2025-05-03
30,2,14,Trust Documents for Sophia,"Carlos,

Attached are the draft trust documents for Sophia. Please review and let me know if you'd like any changes.

Best,
Evan",2025-08-13
31,1,15,Estate Plan Update,"Daniel,

Attached is the updated estate plan and donor-advised fund setup. Please review and let me know if you have questions.

Best,
Evan",2025-09-15
32,2,15,Charitable Remainder Trust Documents,"Daniel,

Here are the draft documents for your charitable remainder trust. Let me know if you'd like to discuss or make any changes.

Best,
Evan",2025-12-11
33,1,16,Trust Distribution Options,"Could you clarify the differences between staggered and lump-sum trust distributions for my grandchildren?

Thank you,
James",2025-07-02
34,2,16,Art Collection Insurance and Fractional Ownership,"Dear Evan,

Please send me the latest appraisal and the details for the fractional ownership platform for my art collection.

Best,
James",2025-10-16
35,1,17,IPO Proceeds Allocation,"Michelle,

Here are three allocation scenarios for your IPO proceeds, including education funding and retirement planning.

Best,
Evan",2025-08-15
36,2,17,Equity Collar and Donor-Advised Fund,"Michelle,

Attached are the details for the equity collar strategy and donor-advised fund setup. Let me know if you'd like to schedule a call to review.

Best,
Evan",2026-01-16
37,1,18,Real Estate Portfolio Expansion,"Dwayne,

Attached are three commercial properties that fit your investment criteria. Let's discuss the pros and cons of each.

Best,
Evan",2025-03-19
38,2,18,Education Trust Update,"Dwayne,

I've updated the education trust to include your newest child. Please review the attached document and let me know if you'd like any changes.

Best,
Evan",2025-06-26
39,1,19,Second Home Mortgage Options,"Elizabeth,

Here are three mortgage options for your second home. Each includes a breakdown of rates and tax implications.

Best,
Evan",2025-07-09
40,2,19,Custodial Account Options,"Elizabeth,

Attached are the UTMA and 529 account options for Catherine and James. Let me know if you have questions or want to schedule a call.

Best,
Evan",2025-09-16
41,1,20,SEP IRA Setup and Property Loan Options,"Isabella,

Here are the SEP IRA setup documents and a summary of Manhattan property loan options.

Best,
Evan",2025-02-19
42,2,20,Art Appraisal and Collateralization,"Isabella,

Attached are the details for appraising your art collection and using it as collateral for your property loan. Let me know if you'd like to schedule a call.

Best,
Evan",2025-09-09
43,1,21,Charitable Giving and Direct Indexing,"Jonathan,

Attached are the details for direct indexing and donor-advised fund options. Let me know if you'd like to discuss further.

Best,
Amand",2025-01-18
44,2,21,IPO Proceeds Allocation,"Jonathan,

Here are three allocation scenarios for your IPO proceeds, including education funding and retirement planning.

Best,
Amand",2025-07-06
45,1,22,Business Revenue Allocation,"Julia,

Attached is the revenue allocation plan for your vineyard expansion and education fund contributions.

Best,
Evan",2025-05-28
46,2,22,529 Plan Projections,"Julia,

Here are the updated 529 plan projections for Isabella and Gabriel. Let me know if you'd like to discuss or make any changes.

Best,
Evan",2025-08-10
47,1,23,Foundation Launch Documents,"Katherine,

Attached are the documents for your foundation launch and charitable trust setup.

Best,
Evan",2025-08-13
48,2,23,International Tax Summary,"Katherine,

Here is the summary of tax treaties relevant to your global asset holdings. Let me know if you want to discuss further or involve our tax specialist.

Best,
Evan",2026-02-20
49,1,24,Scholarship Fund Setup,"Keoni,

Attached are the documents for your children's scholarship fund and foundation funding plan.

Best,
Evan",2025-06-15
50,2,24,Endowment Performance and Sustainable Investments,"Keoni,

Here is the performance report for your foundation's endowment and some recommendations for new sustainable investments. Let me know if you'd like to schedule a call to discuss.

Best,
Evan",2026-01-19
51,1,25,Charitable Trust Funding,"Dear Margaret,

Attached are the funding scenarios for your charitable trust. Please let me know which option aligns best with your philanthropic vision.

Best,
Evan",2025-05-13
52,2,25,Estate Document Summary,"Margaret,

Attached is a summary of your current estate documents as requested. Please review and let me know if you have any questions or would like to make changes.

Best,
Evan",2025-07-23
53,1,26,Compensation Package Review,"Michael,

I've attached a summary of your new compensation package and recommendations for optimizing your retirement and education savings.

Best,
Evan",2025-06-09
54,2,26,529 Plan Withdrawal and Study Abroad,"Michael,

Here are the updated withdrawal projections for Ken and the revised contribution plan for Yumi's study abroad.

Best,
Evan",2025-09-14
57,1,28,Family Office Legal Documents,"Please review the attached draft documents for the Martinez Family Office. Let me know if you have any questions before our legal review next week.

Best,
Evan",2025-08-12
58,2,28,GP/LP Structure Review,"Robert,

Attached are the latest waterfall distribution models for your review. The 8% preferred return threshold is confirmed. Let me know if you have any questions.

Best,
Evan",2026-02-06
59,1,29,Production Company Investment Review,"Samantha,

Here is the quarterly performance report for your production company investment. Let me know if you want to adjust your allocation.

Best,
Evan",2025-05-01
60,2,29,Sustainable Real Estate Report,"Samantha,

Attached is the breakdown of projected returns and environmental metrics for your sustainable real estate investments.

Best,
Evan",2025-10-06
61,1,30,Impact Investment Opportunities,"Sarah,

Attached are three new sustainable venture opportunities. Let me know which you'd like to pursue.

Best,
Evan",2025-07-19
62,2,30,Education Fund Contribution Update,"Sarah,

I've updated the 529 plan contribution schedule as requested. Please review the attached confirmation.

Best,
Evan",2025-10-26
63,1,31,ESG Fund Comparison for Foundation Board,"Michael,

Please send impact metrics comparison between the Solar and Water ESG funds ahead of next week’s foundation board meeting. Board members are asking for clarity on long-term carbon offset projections, community development outcomes, and alignment with SDG goals. Can you include the most recent third-party ratings as well?

Thanks,
Victoria",2025-06-18
64,2,31,Stanford Tuition Funding Options,"Evan,

Explore premium financing for 529 plan expansion to support anticipated Stanford tuition. Would like to preserve liquidity while optimizing for tax efficiency. Open to hybrid structures—possibly combining ILIT or SLAT if that helps with generational planning.

Appreciate your insight,
Victoria",2025-06-20
65,1,32,Business Succession Planning,"William,

Attached is the updated succession plan for your company. Please review and let me know if you have questions.

Best,
Evan",2025-03-29
66,2,32,Trust Documents for Children,"William,

Here are the draft trust documents for Thomas and Margaret. Let me know if you'd like to discuss or make any changes.

Best,
Evan",2025-06-22
67,1,33,Family Foundation Scaling,"Richard,

Attached is the proposal for scaling your family foundation. Please review and let me know your feedback.

Best,
Evan",2025-02-26
68,2,33,Conservation Easement Tax Analysis,"Richard,

Attached is the tax analysis for the new conservation easement on your ranch expansion. Let me know if you want to discuss further.

Best,
Evan",2025-04-13
4,1,2,Business Succession and Estate Planning Discussion Follow-up,"Hi Evan,\n\nI hope you're doing well! I wanted to follow up on our recent discussion about business succession planning for my medical practice and estate planning strategies.\n\nAs we discussed, I'm interested in exploring options for gradually transitioning the practice, potentially bringing in a junior partner, while ensuring the business is structured efficiently for any future sale or transfer. I'd also like to learn more about the tax-efficient giving strategies you mentioned, particularly the Donor-Advised Funds (DAFs).\n\nCould you provide more information about these topics and what I should prepare for our next discussion?\n\nBest,\nJeremy",2025-01-16
5,2,2,Alternative Investment Options Overview,"Dear Jeremy,\n\nFollowing our recent discussion about portfolio diversification and alternative investments, I wanted to provide an overview of options that could complement your current allocation (46% equities, 38% fixed income, 16% cash).\n\nPrivate Credit Opportunities:\n- Higher yields than traditional fixed income\n- Direct lending to businesses\n- Regular income distributions\n\nReal Estate Investment Options:\n- REITs for liquidity\n- Direct investment opportunities\n- Income-producing properties\n\nThese options can provide diversification while aligning with your goals for steady growth and tax efficiency. I've also included information about our recommended funds in these sectors.\n\nWould you like to schedule a follow-up meeting to discuss these options in detail?\n\nBest Regards,\nEvan Worthington",2025-01-29